id,type,title,left_coef,left_substance,right_coef,right_substance,correct_answer
次の化学式を答えなさい。,single,次の化学式を答えなさい。【水】,,,,,H2O
次の化学式を答えなさい。,single,次の化学式を答えなさい。【アンモニア】,,,,,NH3
次の化学式を答えなさい。,single,次の化学式を答えなさい。【エタノール】,,,,,C3H6O
次の化学式を答えなさい。,single,次の化学式を答えなさい。【二酸化炭素】,,,,,CO2
次の化学式を答えなさい。,single,次の化学式を答えなさい。【酢酸】,,,,,CH3COOH
次の化学式を答えなさい。,single,次の化学式を答えなさい。【炭酸】,,,,,H2CO3
次の化学式を答えなさい。,single,次の化学式を答えなさい。【炭酸水素ナトリウム】,,,,,NaHCO3
次の化学式を答えなさい。,single,次の化学式を答えなさい。【炭酸ナトリウム】,,,,,NaCO3
次の化学式を答えなさい。,single,次の化学式を答えなさい。【硝酸】,,,,,HNO3
次の化学式を答えなさい。,single,次の化学式を答えなさい。【硝酸カリウム】,,,,,KNO3
次の化学式を答えなさい。,single,次の化学式を答えなさい。【酸化銅】,,,,,CuO
次の化学式を答えなさい。,single,次の化学式を答えなさい。【酸化マグネシウム】,,,,,MgO
次の化学式を答えなさい。,single,次の化学式を答えなさい。【酸化銀】,,,,,Ag2O
次の化学式を答えなさい。,single,次の化学式を答えなさい。【酸化鉄】,,,,,FeO
次の化学式を答えなさい。,single,次の化学式を答えなさい。【酸化アルミニウム】,,,,,Al2O3
次の化学式を答えなさい。,single,次の化学式を答えなさい。【水酸化ナトリウム】,,,,,NaOH
次の化学式を答えなさい。,single,次の化学式を答えなさい。【水酸化カリウム】,,,,,KOH
次の化学式を答えなさい。,single,次の化学式を答えなさい。【塩化ナトリウム】,,,,,NaCl
次の化学式を答えなさい。,single,次の化学式を答えなさい。【塩化水素】,,,,,HCl
次の化学式を答えなさい。,single,次の化学式を答えなさい。【塩化銀】,,,,,AgCl
次の化学式を答えなさい。,single,次の化学式を答えなさい。【塩化銅】,,,,,CuCl2
次の化学式を答えなさい。,single,次の化学式を答えなさい。【塩化アンモニウム】,,,,,NH4Cl
次の化学式を答えなさい。,single,次の化学式を答えなさい。【硫化鉄】,,,,,FeS
次の化学式を答えなさい。,single,次の化学式を答えなさい。【硫化水素】,,,,,H2S
次の化学式を答えなさい。,single,次の化学式を答えなさい。【硫化銅】,,,,,CuS
次の化学式を答えなさい。,single,次の化学式を答えなさい。【硫酸】,,,,,H2SO4
次の化学式を答えなさい。,single,次の化学式を答えなさい。【硫酸バリウム】,,,,,BaSO4
次の化学式を答えなさい。,single,次の化学式を答えなさい。【水素】,,,,,H2
次の化学式を答えなさい。,single,次の化学式を答えなさい。【炭素】,,,,,C
次の化学式を答えなさい。,single,次の化学式を答えなさい。【窒素】,,,,,N2
次の化学式を答えなさい。,single,次の化学式を答えなさい。【酸素】,,,,,O2
次の化学式を答えなさい。,single,次の化学式を答えなさい。【ナトリウム】,,,,,Na
次の化学式を答えなさい。,single,次の化学式を答えなさい。【マグネシウム】,,,,,Mg
次の化学式を答えなさい。,single,次の化学式を答えなさい。【アルミニウム】,,,,,Al
次の化学式を答えなさい。,single,次の化学式を答えなさい。【硫黄】,,,,,S
次の化学式を答えなさい。,single,次の化学式を答えなさい。【塩素】,,,,,Cl2
次の化学式を答えなさい。,single,次の化学式を答えなさい。【カリウム】,,,,,K
次の化学式を答えなさい。,single,次の化学式を答えなさい。【カルシウム】,,,,,Ca
次の化学式を答えなさい。,single,次の化学式を答えなさい。【鉄】,,,,,Fe
次の化学式を答えなさい。,single,次の化学式を答えなさい。【銅】,,,,,Cu
次の化学式を答えなさい。,single,次の化学式を答えなさい。【亜鉛】,,,,,Zn
次の化学式を答えなさい。,single,次の化学式を答えなさい。【銀】,,,,,Ag
次の化学式を答えなさい。,single,次の化学式を答えなさい。【バリウム】,,,,,Ba
次の化学式を答えなさい。,single,次の化学式を答えなさい。【金】,,,,,Au
次の化学式を答えなさい。,single,次の化学式を答えなさい。【水銀】,,,,,Hg
次の化学反応式式を答えなさい。,equation,次の化学反応式式を答えなさい。【酸化マグネシウムの化合】,"2,1","２Mg,O2",2,２MgO,
次の化学反応式式を答えなさい。,equation,次の化学反応式式を答えなさい。【酸化銅の化合】,"2,1","２Cu,O2",2,２CuO,
次の化学反応式式を答えなさい。,equation,次の化学反応式式を答えなさい。【水の電気分解】,"2,2",２H2O,"2,1","2H2,O2",
次の化学反応式式を答えなさい。,equation,次の化学反応式式を答えなさい。【酸化銀の熱分解】,2,２Ag2O,"4,1","4Ag,O2",
次の化学反応式式を答えなさい。,equation,次の化学反応式式を答えなさい。【炭酸水素ナトリウムの熱分解】,2,2NaHCO3,"1,1,1","Na2CO3,H2O,CO2",
次の化学反応式式を答えなさい。,equation,次の化学反応式式を答えなさい。【水素の燃焼】,"2,1","2H2,O2",2,2H2O,
次の化学反応式式を答えなさい。,equation,次の化学反応式式を答えなさい。【炭素の燃焼】,"1,1","C,O2",1,CO2,
次の化学反応式式を答えなさい。,equation,次の化学反応式式を答えなさい。【酸化銅の炭素による還元】,"2,1","2CuO,C","2,1","2Cu,CO2",
次の化学反応式式を答えなさい。,equation,次の化学反応式式を答えなさい。【酸化銅の水素による還元】,"1,1","CuO,H2","1,1","Cu,H2O",
次の化学反応式式を答えなさい。,equation,次の化学反応式式を答えなさい。【鉄と硫黄の混合】,"1,1","Fe,S",1,FeS,
次の化学反応式式を答えなさい。,equation,次の化学反応式式を答えなさい。【銅と硫黄の加熱】,"1,1","Cu,S",1,CuS,
